{"logan": 0.6666666666666666, "Killers of the Flower Moon": 0.600125156445557, "parasite": 0.5833333333333334, "mulan": 0.3333333333333333, "cruella": 0.06319490258171626, "Jumanji": 0.0, "returnoftheking": 0.3778666756227897, "The Lego Movie": 0.05384615384615384, "thedarkknight": 0.02409638554216867, "pulpfiction": 0.08333333333333333, "nightmarebeforechristmas": 0.6428571428571429, "inception": 0.4864864864864865, "rosemarysbaby": 0.3333333333333333, "avengers": 0.22373540856031127, "Doctor Strange in the Multiverse of Madness": 0.40625, "shawshank": 0.0, "sing2": 0.51875, "godfather": 0.0, "thetwotowers": 0.3050788612240849, "guardians3": 0.375, "taylorswift": 0.4885042283298097, "avengersinfinity": 0.677570093457944, "happenedonenight": 0.4666666666666667, "Baby Driver": 0.23391812865497075, "District 9": 0.08851674641148324, "Pearl": 0.0, "Dunkirk": 0.09915014164305949, "youngwomanandthesea": 0.12121212121212123, "jojorabbit": 0.3333333333333333, "imitationgame": 0.19791666666666666, "onceuponastudio": 0.38208110856852273, "The Mission": 0.17415730337078655, "indianajonescrusade": 0.27586206896551724, "spidermanverse": 0.2624861265260821, "Missing": 0.08374384236453201, "theboythemole": 0.17142857142857143, "mickey17": 0.21498555811981265, "clouds": 0.0, "Trolls Band Together": 0.25, "The Good, the Bart, and the Loki": 0.45161290322580644, "interstellar": 0.0, "seven": 0.10899182561307902, "harrypotterazkaban": 0.35294117647058826, "lordoftherings": 0.23310810810810811, "Christopher Robin": 0.3, "The Lego Batman Movie": 0.6666666666666666, "Toy Story 4": 0.3467112597547381, "returnofthejedi": 0.48, "hiddenfigures": 0.26770485724879495, "flaminhot": 0.07142857142857141, "justmercy": 0.20760214927639847, "The Shape of Water": 0.5468462491643371, "rayalastdragon": 0.3571428571428572, "A Perfect World": 0.4671280276816609, "Fantastic Beasts and Where to Find Them": 0.3188405797101449, "Frozen II": 0.21015205323370892, "wonderfullife": 0.16666666666666669, "bladerunner": 0.2037037037037037, "pinocchio": 0.3018867924528302, "oppenheimer": 0.432261208576998, "klaus": 0.5, "Zombieland": 0.6}